x,y
perfect size good sandwich bit mustard perfect may also make good food earthquak kit,5
starkist tuna sandwich readi great quick desk lunch easi dinner famili price great ship free could want,5
lunch great perfect amount sandwich calori whole pouch bread add cours buy mine amazon though paid one pouch local wal mart buy real soon,5
great valu purchas famili save us money product love,5
tuna pouch right amount premad salad sandwich conveni stabl decent shelf life also nice howev suggest check ingredi list premad tuna salad make sure like person fan water chestnut mix quit like tast give one star review handi wish version littl simpler relish water chestnut,3
live dorm room still like take minut make sandwich take anywher think chunk light tast better albacor chunki,5
complet tuna salad noth add put bread lettuc make wonder sandwich enjoy much expect purchas,4
want add review far none review mention reason buy nearli year shelf life make fantast disast prepared use can tuna bug bag cours much lighter plastic bought dec label expir date sep like other said tast great ounc go fill hungri lightweight stick jacket backpack small enough squeez variou place pack protein nutrient fat make feel full wet enough make thirsti,5
fan flavor quit awhil add salad healthi meal larger size packet though difficult time finish went wast size perfect tri flavor sweet spici flavor provid extra zip plain tuna,5
love need market bettter discov costa rica delici better job market,5
great go big work need someth quick easi tast great would go,5
purchas friend know afghanistan much appreci packag content break depress meal serv troop draw,5
find packet easi use home motor home toast coupl slice bread made great sandwich meal,5
first thank vendor item actual size descript exactli mention tuna tast great deploy hate food serv,5
tuna salad tast good gooey consist far sweet fan tuna salad sandwich stuff make cut gave star still edibl enjoy,2
son look product groceri store could longer find tri amazon love bought,5
starkist arriv time excel condit right size lunch sinc find sweet spici store anymor work perfect deliv,5
perfect hand snack top salad great hand work quick lunch dinner buy,5
packag terribl case two store display pack came cut open bottom seal clear tape obviou product food stuff could easili tamper use product sorri sound paranoid realli day take chanc self favor order product would give starkist herb garlic five star favorit pack ship would give zero could,1
big fan tuna creation flavor gener ranch favorit take tupperwar spinach leav walnut dri fruit work open one badboy right eat dump top delici incred healthi could buy unflavor tuna inconveni fraction price ye will pay littl extra flavor conveni,5
price amazon less two buck unit rock picki eater need someth carri extend travel open one foil pouch expect much ad littl mayo good wow expect eat even travel,5
need someth quick easi meal work go colleg student good keep packag plastic fork car offic need healthi meal snack,5
need someth quick easi meal work go colleg student good keep packag plastic fork car offic need healthi meal snack,5
take offic add tomato pickl make fresh sandwich right amount tuna smoke tuna add flavor,5
carri work combin packet mayonnais make quick easi protein snack,5
titl review say absolut delici thing ever mouth flavor fresh tast perfect portabl packag bought entir case packag delciou last tast like someth would get fanci restaur make get daili protein easi like tuna love calori pouch dieter dream,5
like starkist tuna use buy can time one day shop found flavor tuna creation pouch curiou purchas three pouch hickori smoke herb garlic lemon pepper love pouch less messi get open squeez excess juic like lemon pepper like herb garlic tast intens hickori smoke absolut best sinc messi take work eat offic also found make recip casserol tast much better fan hickori make happi,5
love,5
great tast,5
reason thought small can pic show arent realli like product tasti great seller thank,4
great product price,5
great tast tuna easi grab work pouch much easier neater use can even pop top can reorder great flavor well,5
good thank lot regard,5
super quick deliv excel,5
excel,5
product expect like lunch go stuff mayo relish tuna kind crunchi onion realli like,1
one star ranch flavor lemon pepper good ranch disgust point worri get food poison expir base packet date hope get sick like ranch veggi thought might ok gross,1
cheaper groceri store great sourc protein,5
favorit thai flavor heat minut rice bowl cup open pouch pour tuna top delici lite meal,5
packag miss one pouch instead disappoint costli,1
want stop carri citi reason glad found,5
use quick meal,5
realli good add mayo eat straight pouch lunch great take offic compact high protein lunch,4
best tuna ever found amazon,5
giant per pack bonu card,5
outdat bad tast,1
great lunch snack right pouch tuna season full flavor add mayo want like plain also add salad skip dress,5
great product would definit recommend friend,5
tri eat healthier ad tuna fish diet list tuna fish get tast like well tuna fish thought would tri differ flavor good choic step ordinari tasti nutriti ask tri like,5
hard find store product new good price perfect packag perfect deliveri happi thank,5
keep hand quick dinner salad tuna nicois flash alway great sandwich,5
easi lunch tast great,5
dark tuna strong tast herb garlic flavor,1
good even need mayo make tuna salad,5
love flavor good product,5
best meal bag buy,5
delici,4
love,5
husband keto diet alway look low carb easi option take work eat straight pouch real effort stick plan great product,5
good product price,5
total addict ranch flavor absolut best calori hard beat eat time sometim bedtim snack weird know satisfi easi fix noth rip bag open low calori like even avid tuna fan promis enjoy,5
lot flavor lot like tuna water,3
love,5
great deal tuna eat tuna time day everi day,5
great tast,5
like except hickori flavor easi open good portion size lunch,4
keep appl purs time grab n go lunch snack run kid around help stay track lose weight busi schedul,5
like except ranch flavor thought disgust,4
love love love tuna flavor especi hickori smoke favorit husband take lunch crack salad flavor dress need love bulk amazon prime option make frequent purchas,5
love salad hard find local store reason,5
purchas elderli mom tast great straight pouch great idea meal time energi inclin make tuna salad scratch school snack,5
wrong tuna deliv receiv lemon crack pepper tuna happi hate lemon,1
fave flavor far love pouch conveni eat alon salad,5
love apprehens buy case tast flavor plain avail gave tri delici would probabl order even plain avail futur,5
delici fast prepar healthi pouch walmar disappoint amazon sell almost doubl price,4
hiker need someth simpli slap cracker lunch perfect use bu kit plain tuna mayo relish separ much simpler tast expect deli style light tuna white light tuna,5
conveni requir mayonnais definit would order packet come prefrain readi consumpt,4
delici super conveni,5
much need protein son love went jordan militari fail provid proper food littl pricey least provid way get food,5
good conveni,5
tast great healthi easi store open eat,5
excel beat tri find store,5
like tuna way packag hate risk get tuna smell hand usual trick squeez straight onto piec toast onto salad easi breezi recommend tuna salad want tuna fish sandwich mayo type deal tuna somewhat dri like lemon pepper though find easi way get extra protein day babi like,5
great snack go must,5
tast good tuna realli dri hard swallow,3
tast pretti good,4
flavor great fish tast dri better option,2
alway problem find enough shop abl get subscript great run stay focus eat price better market also love good refriger room temperatur,5
love tuna love fact come front door,5
tuna stapl especi colleg student practic live packag food normal wari buy food amazon price steal purchas four flavor individu groceri store exactli term qualiti shelf life soon expir packet eat tuna directli packag like flavor particularli sweet spici one lemon pepper hickori smoke flavor also seem season less two lighter less salti anoth note know peopl consid tuna dri lot less liquid typic can tuna would recommend buy one local groceri store make sure like moist dri tuna buy four,4
one better flavor especi eat buffalo flavor pouch right,5
perfect take lunch whole grain cracker add anyth good right pouch,5
love delici easi make sandwich good price less per packet groceri,5
best deal purchas packag week later hurrican matthew happen power day ate good tuna packag great surviv food,5
soo good great hand go day hour get hungri get,5
bought pack ranch favorit tast pretti good dg per pack outrag recommend go elsewher amazon lower price,4
mmm favorit tuna eat everi day lunch get cheaper subscrib buy groceri store,5
tast great,5
delici,5
love price good send subscript deliverei boy colleg run short protein,5
al littl bit lemoni pepper bit much happi unlimit suppli tuna sandwich great carri along snack hunt supplement anytim top salad dish cracker,5
tast great dri need oliv oil,3
buy send snack son work love fresh tast great arriv perfectli packag,5
yummi,5
love pack great toast bagel two,5
would order,5
hickori smoke favorit tast delici mix egg tomato salad,5
good packag sampl variou tuna creation,4
good deal like tuna conveni waterless packag,4
like tast tuna creation go say,1
best tuna ever could eat tuna everi day sinc come drain easi use pouch even better,5
nutritionist said eat mani love almost differ flavor bib think favorit,5
good conveni product keep work sandwich thin quick lunch also good salad brown rice tast reminisc old elementari school made lunch sandwich,5
fish salti season tast harsh textur resembl tuna broken chunk shown pictur packag bring travel emerg food sure local sanit condit need quick protein,2
delici fresh satisfi,5
real boon anyon work low carb lifestyl quick easi protein easi clean use make tuna salad dish spice make novel easi transport open dispos like flavor creation seri,5
product okay packag bit difficult open expens,3
perfect,5
love product,5
didnt like lemon pepper flavor,5
yummi,5
might like resembl tuna eaten can freshli smoke,1
good stuff,5
good well expect,5
good enjoy cat around tri eat lol,5
bit dri took one star,4
delici great valu,5
like pouch tuna hand ad protein snack eat directli pouch meal plain tuna healthi flavor pouch add bit tasti variat enjoy flavor varieti pack sometim good valu per pouch best deal local store chunk pouch tuna qualiti best tast good ideal snack sinc tuna still juic depend eat also find flavor work better salad sandwich eat pouch easi open individu flavor review hickori smoke somewhat sweet smoke flavor nice artifici flavor work great sandwich wrap pair well chees top mild sharp varieti also great plain green salad varieti juici drip sauc lemon pepper varieti combin somewhat artifici lemon flavor almost spici pepper kick lemon flavor quit intens find work salad great sinc like protein dress ranch tast like ranch dress mix tuna perfect balanc sweet savori herb juici moist flavor ideal sandwich especi warm bread sweet spici great flavor combo bell pepper sweet chili spici tomato onion garlic add flavor vinegar compliment everyth without overwhelm ad sugar would like delici treat,5
tast like tuna look like tuna smell like tuna,5
exactli order dd,5
delici varieti bit dri taken care bit mayonnais ad,4
littl fishi tast good,1
readi made tuna salad life,5
got part dorm care packag easi healthi snack,5
love,5
surpris much realli like tuna think sweet spici favorit honestli enjoy flavor packag easi throw lunch bag handbag pocket without worri leak flavor quit tasti right pouch mix bit mayonnais add pickl nut put salad bread recommend tri think enjoy conveni flavor,5
good conveni,5
alway keep work truck offic case need quick protein snack,5
yummi flavor great sourc protein great lunch snack,5
yum like conveni individu serv make two sandwich,5
skeptic flavor tuna packet love gram protein less calori relish pretti pepperi tast lemon like often eat water pack tuna plain realli like packet find coupon subscrib save pretti cheap continu buy awesom midday snack good,5
yummi conveni put pasta salad,4
love good,5
tasti product goe great cracker,5
great hiker food pack also pack small mayo pack mix trail though carri carri packag hike trail would nice recycl packag compon though realiz would challeng,5
littl tangi,4
eat tuna salad least time week lunch univers alway go larg quanit singl pouch come handi,5
bewar product shown starkist readi eat tuna salad count product receiv receiv starskist readi eat plain tuna count updat ultim replac item mix happen would given review realli good tuna salad could use littl bit mayo tast overal pretti good product,1
yummi great price arriv well packag,5
tuna high qualiti tast quit fishi flavor tast natur either think probabl full lot artifici stuff preserv realli affect flavor recommend,2
great small protein rich snack,5
take packet tuna salad us go rving make quick roadsid lunch stop make tuna salad sandwich slice bread open bag chip quick easi lunch rv fraction cost meal fast food restaur packet good carri day hike nation park open tuna packet eat directli plastic spoon eat ritz cracker easi lunch pack trash,5
tasti fill calori okay like tuna like,5
love packet lunch person favorit sweet spici flavor good eat cracker add salad price groceri store conveni order onlin easili come packag though need fork,5
like,5
good varieti flavor,5
hmmm realli want like low calori quick snack full protein smell tuna seem prolong feel everi person come contact smell ate eat eat peppermint someth realli like tuna realli care flavor varieti pack truli disappoint sinc would amaz choic sinc constantli watch eat,3
love hand lunch snack much conveni order larg pack,5
son deploy life saver,5
perfect broke colleg student tri save reduc amount time visit groceri store buy,5
good,4
tasti lunch snack,5
tast great pretti much dish,5
excel qualiti,5
best hike snack yet high protein tast good fit small pack way go starkist,5
get meal one pouch definit entir sandwich flake tuna like mush delici,2
gross got ask littl can told order gross,1
excel product year old poor health abl get around well product easi make sandwich eat right pouch mari kish tennesse,5
delici,5
make great snack go,4
make regular can tuna seem dull bore easi store delici eat smoke flavor chang whole concept tuna salad sandwich,5
bad,5
great snack,4
great tast like tuna like smoke meat daughter love perfect size packet,5
daughter roommat complet addict nyc lifestyl perfect stick backpack meal readi eat wherev,5
star,5
husband love quick heathi snack,5
flavor good qualiti good tast like came damn can appetit big littl pouch could eat three four next time order someth larger size,4
excel flavor price,5
packag keep get smaller first came amount reason bare minimum pouch ridicul like think notic packag get smaller price increas said flavor realli tasti like quit bit,3
conveni packag,5
expect,5
packag purchas pleas flavor keep desk work easi quick snack eat protein laden meal,5
tast like tuna damag packag,4
love found less expens local groceri store,3
excel product much expens purchas one packag tuna creation oz prefer buy bulk packag exceedingli diversifi product delici salad top mix mayonnais eat straight packag quick bite eat would buy singl packag bulk avail fair reason price,5
tast awesom,5
delici tri type tuna pouch flavor one definit one best aldi lemon pepper sweet spici also favorit class think creami dress consist like lightli dress tuna salad without ad celeri love big garden salad pasta black rice salad pea celeri tomato squeez lemon lime juic avocado toast frankli great pouch need hit protein go tast decad satisfi rel calori less dollar pouch also good valu,5
great tast tuna salad,5
great camp,5
good great tast,5
love conveni individu packag,5
tasti treat,5
harder harder find love,5
decent flavor sure origin tuna speak healthi product flavor alright protein good,4
delici even mix tuna season flaor,4
great keep desk work tri product mushi sweet much better good amount snack salad topper salt season balanc good sometim add sweet hot mustard,5
delici mix brown rice breakfast,5
wonder lunch perfect portion,5
favorit quick snack lunch work love varieti pack,5
like tuna like smoke meat stop read review order darn hickori smoke tuna poo fantast eat pack lunch everi day right pouch mmmmmm,5
delici howev realli lame get flavor varieti pack want flavor tri herb garlic,3
love tuna,4
good keep hand,4
love tuna easi good get great instant protein fix,5
wife love product,5
perfect make sandwich lunch noth els need bread enough need actual enough one sandwich realli good price,5
product wonder make sandwich great tast,5
product wonder make sandwich great tast,5
stuff good buy probabl get subscript,5
love tuna lemon pepper flavor favorit put salad sometim mix greek yogurt make healthier tuna mixtur also great go rip open packet chomp like flavor lot tradit tuna smell sinc lemon keep buy great,5
love tuna issu get anyth,5
problem delici,5
conveni,5
much liquid,2
portion good need add littl mayonnais,4
great take along nutriti snack cracker top salad sandwich,5
real handi ie cupboard,4
great pice use dog food make fur shine real treat pet get treat,5
love flavour except lemon pepper kind strong flavour,5
everyth product accur deliveri schedul pleas purchas plu daughter love share,5
still favorit flavor,5
great tast snack low price,5
realli like flavor great cracker top salad,5
describ,4
still bag made throw tri twice make sure tuna someth els two time sever week apart mayb like stomach,2
son love easi quick sandwich doctor,5
realli good perfect healthi addit meal one person buy husband night get home later usual tire feel like cook anyth alreadi made refriger night make veget mayb toast salad open one us healthi meal love partial hickori smoke husband like sever flavor includ mango one jalapeno one also like salmon creation,5
good,5
tasti conveni love take packet work chees cracker good,5
exactli want great price,5
love flavor easi use open place drain liquid perfect picnic throw bag lunch,5
love life saver workout,5
great select hurrican,5
great plain tuna mayo would tast better expect suppos honestli buy eat bread,3
great tast come recip light easi carri need open scissor hand lemon flavor favorit home away great conveni without sacrif tast,5
delici conveni pack protein sent right door great price could ask love,5
great along garlic herb flavor well eat go tear open pouch eat spoon,5
sweet spici flavor tuna past agre like flavor differ stroke differ folk guess,2
love tast lemon pepper tuna,5
surprisingli tasti spici other,5
great deal great price unfortun amazon sinc rais price,5
order got paid,3
care flavor sure peopl would like ok,4
well problem pack varieti possibl go like four experi least three four nice enjoy even think hey like conveni work travel camp whatev hickori smoke felt hideou enough longer even want think natur buy howev guess kind recommend get instead pack want buy someth find like know get hickori tast may differ get idea toy star word say like score say overal okay,3
ye ye ye look anoth flavor found hickori smoke packag quit unsatisfactori love stuff great work travel camp whatev whenev need someth tide last long time refriger need tast like expect tuna salad tast like part subscrib save line,5
like tuna salad tast packag squeez packag easili scrape good go lunch,4
excel product packag realli conveni portion eas open pack camp hike bag lunch pail take littl space kitchen cabinet prefer lemon pepper highest protein smallest calori use alfredo sauc stuff bell pepper love eat chees healthi cheap good food good snack great packag,5
purchas readi eat portabl easi use anywher special open utensil mind pouch meet expect issu starkist readi eat tuna salad tast bad delici realli like tuna eat plain littl salt happi go ingredi need complement enhanc tuna one reason chose product outsid portabl celeri water chestnut thought would bit crunch combin onion powder mustard flour also sound like would give tuna salad littl pep pretti flat say textur want non crunchi tuna salad nice egg yolk wet ingredi enough give tuna nice bodi spread mouth feel salad overli wet definit dri way shape form enough moist find need take product put anoth dish start ad thing bring would happi enough eat point feel worth would rather make tuna home way like find anoth portabl method go anoth food item togeth,3
kinda dri tuna,3
great pack lunch,5
yuck,2
luv,5
stay pantri lunch dinner,4
first skeptic open tuna instead usual want tuna sandwich without tri find addit ingredi open besid contain store leftov cat get quick addit salad tast subtl overpow faint heart use spici ingredi spici usual add sriracha,4
enjoy flavor year love,5
spici would buy,5
delici,5
nice varieti pack like flavor good sandwich salad,5
use hate packag fish smell aw tast bland like fish sauc sometim gourmet end use fri rice fish cake rice ball pre flavor packet good enough add sandwich mesh well ingredi make pretti nice fish base dish definit actual nice hand fish high protein low calori surpris use much end actual cook,4
great qualiti great price,5
love flavor tuna creation favorit easi carri school work tast great alon bread cracker salad,5
tasti conveni use tuna crab pot pie good,5
lot better qualiti expect tast fresh unlik store bought one,5
tuna salad awesom right pouch love whole wheat bread slice chees quick tasti sandwich hesit buy cracker snack pack tuna differ much better way better give tri,5
conveni outstand flavor,5
perfect serv size,5
awesom easi work lunch,5
gener love tuna howev except spent year armi wors mre ever ate consist goo except plain tuna everi flavor suck,1
famili love ranch hickori smoke fave,5
delici perfect go lunch good cracker,5
love packet wish came differ varieti like flavor come pack,5
bland,2
conveni tast,4
love flavor tuna packet give great kick tuna perfect throw backpack lunch bag like pack amazon avail local,5
nice tri flavor ranch best,5
daughter favorit lunch protein,5
much tuna money expect better flavor even tho conveni buy,2
spici eat two three packag tuna,2
brought partner snack pack worm sinc find heathier altern eat lovessss especi flavor,4
obvious purchas much know like,5
handi snack meal,5
great select tuna make sandwich tasti treat,5
fit well calori day diet take paper lunch bag write outsid calori day drop item bag store fridg sever time week drop bag satisfi tasti protein sourc calori buy differ varieti month favorit,5
made big commit bought pack upfront tast glad realli great conveni way use tuna make great tuna salad lot flavor also make tuna dip new stapl pantri,5
order enough deliv origin box stale date,5
eat one everyday work love one thing add dash button,5
mmmmmmmmmm tasti,5
qualiti good crazi flavor quit possibl care lemon pepper much anticip would though,3
per pack great deal good flavor buy,5
great tuna alreadi season readi eat grab pouch cracker enjoy,5
love perfect amount,5
pleas arriv time pack product,3
put low cal bread cal per two slice hot pepper bam got snappi meal,5
like except ranch flavor realli bad ranch flavor make turd though,3
easi alway good,5
good varieti go home,5
omega come much conveni littl mayo cracker delici,5
tasti without dryness sometim plagu even restaur prepar tuna salad love deli style impress flavor dri imho,5
way make tuna salad dark chunk tuna tast good easier,4
great lunch trip outdoor even long term food storag good tast extra touch lemon great pouch made salad alway keep box hous,4
favorit flavor local store alway run,5
salti first bite son go back store get sweet relish make edibl,3
great quick snack carri day,5
flavor great prefer plain,1
great packag littl weird open bottom,5
love convinc,5
love conveni tasti varieti pack love hickori smoke pack,5
flavor gross,2
tasti sinc requir refriger easi keep go,5
tuna creation good,5
love varieti good flavor,5
realiz within box tuna receiv herb garlic beyond return date,1
everyth alreadi made take pouch delici,5
eat tuna healthi daili stapl probabl better varieti versu order one flavor coffe varieti pack,4
kid hubbi love abl grab go packet perfect snack easi order use subscrib save healthier option fast food go continu purchas packet discount price,5
love flavor spici flavor like pouch hand enough one sandwich lunch cottag chees mix singl mac chees cup one person casserol hurri,5
nice littl bit salt,4
tri first boil potato salad dinner first time okay got pouch want protein diet thing day tri eat pouch lunch tast horribl,2
famili favorit best price find,5
order sweet spici tuna butreceiv regular tuna flavor,1
ok,5
surpris good mayb backpack mountain eaten littl guy great purchas next camp trip,5
enjoy varieti pack cheaper buy store,4
ranch flavor tast like tuna disappoint,2
yummi great price,5
tast great,4
great combin flavor flavor per price less buy alon nice varieti hand,5
almost good make littl crunch fine chop veggi much mayonnais calori count still good,4
issu,5
love best,5
tast great,5
great pack lunch keto meal prep wish bulk pack came assort,4
tast great carb easi eat straight packag great lunch snack,5
aw tast gone bad fish packag ined slime,1
adequ pinch take get use certainli conveni could psycholog tast littl artifici,3
usual get local big box store ran order although expir date tast fishi usual lead believ store extrem temperatur eaten far get sick note tast fresh usual get local store brand pack size flavor saw damag packag seam intact still product tast fenc order,3
great snack larg enough,5
take coupl day lunch great way get protein great flavor buy catch good price,5
perfect lunch,5
favorit snack,5
bad especi need quick low carb snack enough enough make dish kind,4
huge fan tuna tuna creation stuff amaz even right pouch,5
love snack add meal usual get migrain headach snack item one like way amazon fresh alway stock local walmart alway,5
smoke flavor gross,3
love everi bite conveni packag,5
love stuff carri lunch,5
alway fresh n tasti perfect keep cabinet work,5
good tast tuna pouch less liquid mean less wast space,5
bought groceri ranch flavor downright disgust im picki eater,1
drier usual order,3
huge fan one flavor weird salad concoct tast good regular tuna hickori smoke exampl cheap get,3
got healthi snack move extrem salti rather dri ad mayo help would make sandwich usual carri mayo handbag intend start may well use can tuna make sandwich ahead time emerg ration long water wash,2
great high protein snack money think hard beat,5
tast good,1
love flavor buy bulk like cheaper get store,5
tast good one eat home,3
great quick lunch work cracker bread need add anyth water chestnut add nice crunch,5
best snack,5
box open receiv,3
worth purchas sale groceri store fault pay attent,1
wife love put salad use around pack month,5
love mix light sour cream make faux tuna salad eat wheat cracker realli good,5
tasti,5
waaaayyyyy much tuna fish flavor smell overbear dog even want threw right trash open one pouch,1
order hope new flavor might spice tuna option found flavor abit would tri said qualiti expect starkist juciy good clean tuna,3
ok,3
love,5
bought husband take lunch like said tast like cucumb celeri salad mayonnais surpris hear guess egg yolk list ingredi give mayo flavor husband like said littl bland compar flavor tuna tri price good time get tuna pouch less good price,4
eat starkist year great qualiti tuna make conveni high protein snack meal workout howev upon receiv packag open discov pouch huge deal sinc one someth awar,3
like flavor,4
sooooo delici addict,5
alway enjoy lemon pepper flavor,4
buy husband take work lunch prefer light lunch perfect refriger requir readi eat provid good amount protein well like flavor even one sound littl strang price less good buy cost groceri store,5
nice way tri new varieti flavor,5
like flavor,4
varieti pack make tuna less bore good hurrican food,4
great buy,5
tastiest packag,5
nice healthi snack,5
starkist tuna creation lemon pepper tast perfect worri smell would say bad also let five friend tri product like recommend,5
kept wrong item good decis tast salti plu add condiment sweeten tast,1
order,1
tuna salad ok add favorit add on like photo pack show,3
great varieti option,4
gift someon colleg said good stuff,5
conveni go person tast good sweet spici without spici buy product fact set deliv everi month prime pantri,5
good solut job meal,4
good tuna,5
herb garlic great flavor stand flavor order onlin sinc alway sold kind store,5
love tuna add coupl pack along condiment albacor make one delici tuna plu state darker tuna better dark anyway,5
love,5
tire buy groceri store everi week kid eat fast buy great go high protein food save money purchas bulk,5
delici,5
good price quantiti tast fresh time,5
pack lunch,5
total enjoy packet tuna easi open put cracker snack time,5
great,5
readi eat starkist tuna salad come handi make sandwich eat littl drier tuna salad make fewer ingredi individu prefer alway ad packag product,4
love great go,5
love,5
stock local groceri buy add interest flavor ordinari tuna salad famili like bit grate onion pickl relish dash hot sauc thai chili sauc mayo done gone nanosecond,5
add bread pickl,5
bad definit order smoke salmon flavor one next,4
great addit salad,5
would recommend,5
great tast conveni use diet one serv easi calcul calori,5
great comfort back know eat take littl pantri space tast great,5
nice sandwich salad ad pasta,5
stuff terribl ts like eat school past without much flavor,1
herb garlic amaz hard find addict,5
love tuna refriger nice refresh sandwich,5
one worth buy lemon pepper,4
conveni tasti,5
love tuna especi hickori flavor delici healthi easi flavor strong enough mix plain tuna still tast good,5
made sandwich toast wheat bread tuna right pouch tuna swallow tri mushi wateri unpleas flavor,1
use like product hardli tast tast much like tuna might good peopl bland shame,2
go hungri great tast,5
great,5
love flavor,5
love tuna use without use mayo great salad topper grill tuna chees sandwich right pack quick protein snack,5
okay mayb love bit much tuna pouch go cook low calori protein add spinach salad put toast quick sandwich eat right pouch ranch marinad make tast almost like tuna salad calori mayonnais,5
kind bland side prefer walmart ranch flavor best flavor opinion honey bbq,3
easi n delici perfect go snack lunch,5
enjoy conveni tuna pouch tear top away done flavor bland peopl might want spice tast like crunch veget salad along tuna mushi work,4
simpli love tast,5
thought would bigger pouch like one dollar store solid pack water good calori lunch protein snack,4
use go littl bland,4
love box wish could purchas box one kind rather varieti pack may contact local store purchas case mix pouch favorit dress mayo miracl whip use cracker dip spread bread sandwich also love top salad wait chicken pouch,5
use subscrib save option deliv directli work back lunch afternoon pick up great price tast,5
bought nutrit tuna salad make meal prep expect would tast good homemad tuna salad still pretti disappoint tast think water chestnut make tuna tast dri bland tast like albacor tuna mayonnais noth entir makeup salad bland dri hard get self use hot sauc make tast like someth nevertheless think worth price use week time prep meal lack time manag suffer bland tuna sometim worth buy conveni healthier snack get price point use three packet three wasa cracker make meal,2
high blood pressur pleas cut salt otherwis flavor good,1
like conveni,5
great lunch low calori,5
exactli look tast asia tuna pouch,5
tuna packet could easier tastier way get addit protein diet lemon pepper flavor quit enjoy tast great ad salad bulk option great workplac,5
exactli look need portabl protein includ care packag deploy militari certainli fit bill soldier angel look onlin wonder organ absolut love abl creat packag includ thing men women need men especi ask protein tuna pouch offer good amount protein nice varieti flavor expens send,5
good,5
fav creation good,5
get tire check display local store find shelf empti though bit expens store sale price avail need count product much favorit mine,5
great purchas,5
eat afternoon snack work cracker price went walmart without go walmart,5
product chang without te ling calori mean less tuna gr protein much differ e tast u someth good wreck,2
like anyth tast strong like past order,1
good valu kid favorit flavor,5
know sure lemon tuna need buy,3
son law take work use keep blood sugar check day,5
conveni way get healthi protein day,5
excel,5
look find store,5
gross real ranch flavor buy wrong check tunafish msg,1
great lunch,5
tasti,5
great quick easi lunch,5
low carb diet tuna creation hit spot ranch great tast purchas l tuna creation gram protein,5
great lunch go like ranch one better,3
purchas pack varieti receiv deli style real hard comprehend know,1
conveni flavor pouch travel store anywher go meal,5
packet well made arriv intact insid anoth ship box like flavor amount packet handi sometim use one envelop household small unpredictbl schedul great product us,5
good flavor choic overpow smoki like,4
love lemon pepper tuna starkist packet conveni,5
good flavor good consist good amount conveni great protein ratio,5
pouch,4
pruduct bad tast noth like tuna tuna salad product ever threw packag away,1
eat right bag,5
starkist tuna one favorit sack love fresh thank terri j barn r,5
favorit,5
label backpack friend easi keep readi go backpack need refriger fact preseason make nice flavor option lend quick meal easili,5
good,5
realli great tast great low calori high protein option buy box differ varieti everi month seem everyon favorit,5
better homemad tuna salad carri packet purs quick go meal especi substitut teach easi open eat straight pouch serv gener,5
ok continu buy,4
longer get local groceri store tuna nice fresh flavor good slice bread packet sometim put kalamata oliv sandwich time sweet bread butter pickl,5
care favor,2
lemon great companion flavor tuna right balanc easi carri packet without mayo dress realli hit spot,5
tast great,5
recent begin eat tuna find starkist pouch spici tuna great great price happi snazzi photo cover packag great tast fussi eater,5
lemon pepper ranch tri first think familiar flavor like wrong dri mayb plan chef add want make creamier moist expect enjoy tast like tast abl eat ad season ranch dress etc sandwich like tast hope spicier flavor better tast want tri yet,2
great job packag alway rememb apo mean oversea militari appreci receiv product unharm,5
yummi low carb,5
keep sever work along pack tortilla never worri forget lunch quick neat inexpens delici healthi pretti fill love price pretti close pay local much better shop somewher els,5
love flavor packet conveni take travel sometim tuna bit dri side sometim pretti wet,5
first enough tuna salad one sandwich ad sandwich tartar sauc sinc pickl onion mayo quick easi lunch snack count order make sandwich packag meal cost product good short long term storag packet best use date oct buy,5
delici,5
perfect catch tuna need,5
great grab run lunch snack,5
conveni good price,5
star,5
conveni,5
like sweet spici tuna flavor best flavor avail use make sandwich work sinc need refriger simpli open pouch put bread add whatev els want lettuc tomato etc lunch soggi sandwich,5
buy,5
paid got pack arrang pack one pack pouch wtf truck driver order food week road leav serious short disappoint,1
great buy,5
good flavor,5
tuna tuna fine conveni packag hike trail,5
love differ flavor,5
great,5
delici,5
easi good nutrit keep well shelf good flavor,5
delici satisfi flavor great,5
first one bought two case love,5
love prepar tuna delici conveni perfect amount sandwich also eat cracker sometim,5
convien,4
subscrib save year half cancel took good product improv bad product use calori g fat new formul brand tuna creation calori gram fat unfortun think achiev either remov mayo mix switch mayo altern nonetheless use tast like tuna salad albeit bland tuna salad tuna salad nonetheless tast like flavor tuna e like creation product fine want eat right envelop fork like old formula origin deli style creation label pleas give back calori g fat product actual tast like tuna salad use go high protein low calori snack throughout day,3
like choic,5
amaz tast five year old year old love amaz get eat protein high qualiti,5
go wrong dollar easi store work great snack healthi love ritz cracker,5
delici,5
alway forget fork wish need one,4
hook eat lunch wonder tast leav tuna smell kitchen,5
great snack keto dieter,5
love conveni seal pack tuna salad love tast good sandwich good cracker good ad pasta salad alway want keep delici time saver hand,5
tast great,5
muy buen precio,3
delici practic use quick meal good amount select love hot spici sweet add cole slaw add cube appl ad textur,5
keep handi work tast amaz littl tuna odor fulli recommend,4
box came bust bit packag tuna pouch fine lol favorit hickori smoke,4
handi,5
thank,5
expect thank,5
pack flavor pepper lemon two flavor expect like love much plan order go product chang meal,5
wonder lunch quick high protein snack must buy pack lunch,5
great buy,5
great protein need conveni protein fit need tri ranch flavor next ranch bought month like sauci tast sweet n spici sweet n spici flavor good favorit get ranch flavor month go start get price sweet n spici spici spici also kind sweet reason remind crab sauci like ranch flavor,5
readi made tuna salad lunch easier littl pricey otherwis great,5
tri eat healthier start pack salad work like lunch meat alway time cook someth great one flavor way better expect keep locker work good sourc protein calori,5
good great price tast good given pouch,5
good great price,5
great price good varieti use quick easi lunch,5
easi flavor,5
care littl pack delici kill via mercuri love eat two everyday know ideal addict put white rice littl butter salt,5
absolut favorit tuna,5
worth everi penni,5
tast gross,1
fan can tuna need high protein grab n go snack meal easiest thing could think flavor help textur still like alway work pinch though,3
minut lunch,5
envelop littl bit tuna tast like tuna use gave away ladi come aid took noth said sorri,3
like,4
love varieti one pack get tri differ flavor,5
definit find cheaper elsewher god damn realli good,5
great flavor easi keep drawer work time lunch,5
good varieti,5
delici,5
qualiti,5
great item,5
great tast price w pack good easi use work quick nutriti lunch,5
bueno,4
yummi,5
like conveni open packag readi,5
great tuna packag add mustard,5
pack fork good go excel lunch idea alway go busi work,5
long time fan origin tri sweet spici also lemon pepper dri crumbley stick origin,3
nice mild flavor conveni packag great pack lunch bag,5
first time flavor pack tuna thought delici reorder sincei handicap make easi prepar snack meal truli good,5
man love stuff opinion tast better plain spring water tuna sometim find pack less buck great deal alway stay stock lazi go groceri shop pop pouch keep full like buy nongshim shin bowl ramen also amazon top pouch hickori smoke tuna put microwav great combo,5
love one favorit,5
far best tast packag tuna price outstand use product go meal power outag tropic season keep coupl extra pack edc bag,5
ok tast,3
great quick snack lunch messi liquid deal tasti,5
tri almost everi varieti starkst pack everi one tast good great,5
fantast lunch snack great packag easi take,5
good buy time,5
one fav cheaper local store,5
came fast tast great,5
good price good select good sandwich salad etc,5
itsso flavor ful eat right packag cracker,5
favorit flavor tuna creation take anywher low calori reason sodium super conveni could probabl live thing get tire take work nibbl need bit protein morn amaz,5
love tuna protein get eat meat seduc good review product bought flavor review said best ranch took one bite could bare swallow would give dog love much review describ creami would call mushi real tuna flavor realli nasti tast stuff deli version return stuck way tri ad mayo salvag,1
nice varieti tasti tuna,5
box say pouch varieti pack got two hickori smoke two ranch advertis,2
new favorit snack great go quick snack protein sourc alreadi order twice,5
stapl lunch,5
one packag right amount one person good flavor good price,4
person like tast,3
suffici amount sandwich,3
got pack instead oddli packag well,1
go protein snack even without cracker anyth els delici portabl easi eat,5
love particular flavor eat everi day midmorn snack,5
awesom flavour stack,5
mani comment good agre combin anyth everyth mani fine exampl like cornbread hot sauc egg also go wrong,5
wast money two star portabl need open,2
good,5
delici,5
awesom lunch snack mix miracl whip relish,5
compact tasti perfect go,5
far favorit flavorof fan tuna like bacon ranch willlov,5
beat flavor brand tri love tuna andbacon ranch dress give atri,5
great lunch,5
mezcl con un poco de mayonesa se arrepentir en mi pa es un poco dif cil conseguirla por lo que esta opci n resulta factibl,5
forgot lunch time ubereat keep handi add cracker,5
tunalici,5
awesom food,5
pleasantli surpris tast great conveni price great,4
great flavor perfect go snack,5
work alot someth quick healthi grab nice also worri shop,5
size packet,5
man good tasti right pack make delici tuna melt littl shred chees,5
love quick lunch yummi nutriti best part theatr conveni buy,5
yummi littl packag price,3
great tast conveni light lunch even light supper,5
alway favorit hous tast great perfect size lunch good snack,5
perfect oz pkg occais time,5
love particular flavor came fresh issu product found sale local store better deal per pouch usual purchas,4
love conniv packag water drain flavor tasti throw one purs backpack quick snack middl day,5
hickori smoke tuna best flavor perfect smoki flavor pair protein pack tuna priceless,5
like travel use save stop fast food go restaur drive day like get motel relax dump luggag go find someth eat put snack cracker make meal along fruit drink sometim salad pick one travel stop,5
reason price,5
quick easi,4
great littl healthi lunch,5
tasti,5
multipl choic box,5
found nemo tast great,4
littl dri bag ad teaspoon mayo oliv oil sprinkl sea salt good go travel late night snack,4
littl flavor sale,3
like smoke salmon hickori smoke tuna flavor delici much lower price,5
tast great go snack meal,5
one great make peopl eat tuna,5
tri ranch far,5
realli enough one packet,4
love lunch eat straight packag add salad cheaper local,5
could bit,4
describ,5
awesom flavor conveniencei eat right pouch mostli top salad,5
expect bacon bit,3
great product great deal pouch help,5
bacon ranch tast like liter fart mouth everi flavor good though,3
disappoint particular flavor definit tast bacon ranch tast like mayo,3
find conveni sadli impress tast star overal,3
salad sandwich straight pouch,5
love tuna pouch ginger sesam absolut favorit thu far still tri exot flavor love one ugh thank make afford,5
like can tuna thought bargain tuna crave horribl tast look last chemic ingredi list sum artifici mush tast thought cat would enjoy rins mesh colendar pick onion disappear eye tuna,1
happi found product seem find anywher els tad expens would expect hope,3
tast great quick easi snack love,5
nice,5
like varieti tast use salad sandwich,5
cost less per pa k walmart,5
absolut love product spici sweet right mix quinoa lunch half avocado perfect,5
awesom price,5
tast like bacon bite low fat ranch,3
pick nyc need someth low cal room never imagin would good tast like deli tuna salad enough nice size sandwich ww pt blue plan yummi order whole box today,5
best tuna ever happili enjoy directli bag mix salad sandwich melt smoke flavor subtl strong delish,5
receiv nice pack yet tri,5
better store,5
first time tri tuna packag hesit one review said would rather make home okay understood purchas food eat hike delici ate toast bread home still delici deli style good truli recommend wait tri flavor,5
order one flavor got anoth complet differ type tuna,1
everyth tast fresh season,5
like eas use tuna make sandwich,5
realli like flavor lemon pepper,3
tuna wateri like can easi carri around,5
son love hickori smoke tuna use subscrib save howev find small bone last deliveri,3
tast good fishi tast,5
great valu money good protein great wrap,5
know like best sweet tangi delici tast tuna versatil meal use fact come readi eat individu fresh pack pull tab open open fork sweet spici tuna oil drain never found singl bone realli enjoy product,5
great valu price flavor,5
great love,5
valu money great opinion flavor lemon pepper one best hickori smoke even swallow,3
great car work orcamp backpack,4
tast great ranch power make quick sandwich cheap price way go,5
perfect make sandwich go,5
easi take eat,5
quick easi use besid delici,5
sorri stuff gross number one open tear open packag without scissor number two tast textur like cheapest tuna buy upsid see two year shelf life save surviv kit sure food run tast wonder,1
ok noth write home flavor other good basic go snack especi travel,2
honey bbq flavor realli good remind pull pork odd sinc realli tuna still tast good either way,5
tast worst diet food go see return case want day time cook day went gym tast aw tast noth like tuna two year old grandson love tuna well son made decis read review boy wrong time recommend tuna mayb brand alway brought case bumblebe tuna come cracker want cracker need gluten free one gave option get cracker,3
dollar pack mix creami chicken ramen unbeat,5
love tna creation,5
love take wotk tortilla bread sometim cracker right pack delici,5
alway get salad work protein ad cost lot money budget add pouch two salad realli fill tast good thin easi carri backpack buy tuna sale though,4
absolut delici best way found get starkist tuna without go state pop great price,5
close expir date,1
less happi reciev flavor suppos garlic herb otherwis tuna,1
love,5
best flavor cut done size rais price sinc hickori smoke came,5
wish littl pouch mayb littl packet addit season,5
tast like regular tuna super conveni perfect amount tuna pack thumb,5
tasti conveni product howev seller price mislead expect packag price pay fortun product back stock groceri store,3
love tuna tast good buy,5
love get product bulk sent hous feel bad wipe groceri store,5
tast good eat school realli strong smell classmat thought eat poop,4
love hard find differ flavor good tuna salad quick sandwich salad great,4
ok first like tuna thing toss mac n chees add lot thing boost protein eat meat eat fish egg chees meat pro tast love lemon pepper give enough zest make tuna find bland flavor think squeez lemon gener help pepper tuna get cost got packet buck may gone still deal quantiti one pkt great one person present like sooo much tuna water log moist still flaki like tuna like like squirt lemon good dash pepper tuna find great make tuna melt lemon pepper give flavor snap ad mac n chees put veggi quinoa bowl get tru root quinoa mix add lot protein even eat packet tuna tast bland jazz make palat tast subject though like tuna lemon pepper like,5
fast deliveri item describ,5
tast great tuna liquid squirt tri drain,5
easi delici,5
good flavor textur sawdust hard get packag,1
need return tuna drain pack,1
food money buy month number peopl get sick possibl get sick grow glad got small suppli last check come live flour tortilla tuna fish year homeless sever year back almost treat today crack pack tuna ate flatbread time didnt squirt chees mayo fridg yum,5
store usual mani want buy bulk purchas great cost local store,5
love tuna pack take work cracker make quick cheap healthi lunch,5
love tuna tast good deliv box damag,5
great littl packet one serv last time groceri store left guess due peopl stock viru blame anyon one bit anyway came quickli price reason penni wm deliv door drive mile get amazon rock,5
love four differ flavor tri know one like best though lemon pepper realli great,5
flavor nice conveni carri good salad,5
bought supplement tast spici conveni open can one,4
hous broke bought box first time order box today eat everyth love get rona,5
great price great tast,5
someon put box got box non return make price per pack jump tuna good oh yeah bet cost twice much get half much can part realli suck tuna good tast eat pouch fork take minut,4
expect smaller packet nice see standard size tuna packet gener amount tuna insid flavor quit distinct part pleasant understand need add sugar sweet spici flavor question addit sugar ranch lemon pepper flavor everyth diet need sweeten wish manufactur would stop ad needless calori food item requir,5
great servic even crunch time caus viru,5
kid love snack sometim jazz onion mustard went first pack rather quickli back look like quarantin lockdown extend,5
best flavor hand tast tuna tast like pull pork love better flavor find flavor anywher,5
tbi product eatabl realli serious terribl pleas refund money,1
tasti,5
packet tuna perfect size quick lunch usual mine cracker quick easi flavor great,5
addict tuna great altern go store empti suppli definit order tuna onlin also one favorit flavor yum,5
packag tuna rip,1
great varieti tuna great snack go worker camp,5
ranch flavor zero ranch flavor fish soak wet recommend ranch flavor tri spici prefer spici hot lemon flavor gross tart bitter,5
wonder qualiti flavor,5
hope someon amazon pleas count thede packet custom report alot miss packet lost worth cost less custom pay,1
charg per pouch bumblebe work vendor decid seek cheaper altern includ spoon slightli tuna per pouch fyi flavor juic like settl whilst mention would seem common sens shake pouch break herb garlic expect flavor overpow garlic lemon pepper zesti lemon juic smokey black pepper flavor ranch littl bland side alright subtl note sweet spici defin sweet sometim spici one highli recommend shake pouch one pouch spice kick reason go tri honey bbq next base review skip bacon ranch base big smoke skip hickori base redicul doubl price per oz skip ginger sesam sure crisi ginger simpli amount ginger product caus price vs pouch right econom comparison enough varieti otherwis avail,5
describ,5
long shelf life pretti healthi go wrong,5
gave two lemon pepper sweet spici thank lot de like get pay,1
product great hous bound usual buy hurrican season unfortun share cat,5
like sour salti flavor regret,3
love conveni tasti,5
almost hate review afraid get sold pandem like store haha said happi purchas packag intact product fresh expir date may april flavor tasti surpris favorit sweet spici expect like lemon pepper howev good per pack slightli cheaper better select find local store win win,5
great tast,5
good go pantri item minu one star difficult get product pouch like lemon pepper ranch flavor best,4
husband take lunch everi day work low carb diet huge stapl bc cannot put lunch refriger conveni say rate great,5
tasti,5
ok never,5
use individu portion pouch top salad make sandwich although also good alon fresh veget carrot celeri etc perhap cracker season varieti save time flavor tri disappoint spice balanc garlic overpow tuna salt content high mg percent daili valu calori per pouch quick easi way add gram protein diet pouch usual long shelf life one except good year futur although date vari,5
great sourc protein tasti great price,5
easi lunch,5
great snack,5
like put tuna fish salad lunch groceri store ran everi one panick got week flavor order cost half citi market charg,5
love tuna,5
paid come pouch,5
quick deliveri great price great flavor varieti valu got awesom better price sure,5
decid tri flavor whim tri eat better thought might way start found new favorit need addit make toler open pouch along cracker fantast satisfi lunch alreadi order home work,5
pleasantli good flavor pouch make life easier like tuna go wrong starkist read review wonder peopl actual like tuna go five star tuna plate cut go get qualiti cheap price number recip idea websit,5
get flavor tri varieti pack lemon pepper ranch flavor tast great sweet spici ok smoke flavor hate stick flavor like,3
receiv happi came fast true order tri flavor yet price even like worth tri sure would love thought,5
panic begin big crisi order bunch well differ thing thought would easi partial disabl want fight crowd innoc littl packet four flavor enough sandwich small salad hickori flavor way world quick flavor mess,5
becom favorit sandwich spread,5
product starkist arriv soild condit time matter tast purshas item store definit enjoy tuna pouch fresh effortsless tast without use open,5
treat tuna pouch like can tuna mix mayo dri otherwis flavor noth moistur sure tast good wet,5
tri get friend mine tri convert yet know tast becom devot fan like hickori favorit come low sodium hickori promis stock price gain buy suppli,5
love tri new flavor great valu packag,5
love love product go wrong,5
easi open good flavor,5
good product,5
tri flavor like better great solut want quick protein go keep offic eat chanc go lunch would also great camp trip,3
great protein snack go keep offic case go good camp eat right bag lot often eat,5
bore can tuna thought tri pouch tast everi flavor love low calori give great protein supplement also conveni drain,5
receiv time manner product advertis,5
tast good,5
yummmmi snack veryyyyyy conveni definit advertis,5
tri product yet howev upon open found box alreadi open one packet miss sweet spici receiv chang star quick easi,5
littl pkg great go quick flavor taco wrap add dill pickl spear coleslaw good go,5
product suffici amount tuna enough flavor good tuna melt sandwich worthi money clean easi use,4
great backpack around quick snack good quick tuna sandwich hurri,5
salti,3
good,4
weird flavor love can tuna mani packag tuna snack odd tast someth ad throw almost citric acid tast realli high hope work snack say buy,2
understand review soo good refund price,1
flavor tuna hit famili donat local food pantri hope someon would enjoy,2
fave tuna flavor ever,5
great,5
product surprisingli good calori,5
realli enjoy tuna initi bought packet hickori smoke flavor love still recommend delici right amount flavor good experi hickori smoke flavor decid buy varieti pack excit tri flavor sadli regret purchas flavor simpli overwhelm imposs eat well manag choke ranch lemon pepper tast like grind pepper grinder directli tongu ick like subtl pepper flavor chomp hand raw pepper sweet spici certainli sweet good way tast like drink bottl sweet chili sauc sweet spici flavor whole thing tuna tasteless vessel ranch manag eat whole pack halfway felt overpow sour attempt eat straight packag might tast better part recip flavor way strong usual enjoy highli flavor dish continu buy hickori smoke flavor rest gross,3
lemon pepper tuna favorit prefer starkist tuna thank,5
standard tuna snack delici conveni somewhat healthi,5
nice varieti,5
great flavor,5
delici,5
like eat snack low sodium triscuit good backup pantri,5
love buy tuna fish pouch portion control enough perfect amount tuna sandwich readi eat buy price hope sale store,5
tasti delici need,5
tasti conveni,5
love buy time groceri store sinc get store time buy love flavor except hickori smoke one rest amaz,5
love product great flavor great price love varieti,5
sorri look tast like dog cat food tast side nasti look like peopl like tho,2
found varieti pack great valu highli recommend due tast brand name decent shelf life,5
awesom,5
great send deploy troop,5
tast probabl buy amount price could justifi gonna stick albacor water instead,2
star bc good noth new like made tuna salad whoop dee doo thought someth uniqu,4
order pack receiv pack came open box excess tape around cheat short pkg happi,1
great tast quick meal go,5
love product price good,5
ok around small portion,2
salti,2
ate snack like dri flavor blah,1
great quick snack meal,5
stardust tuna,5
one favorit flavor tuna fish buy ten groceri store found sell case happi circumst hit miss whether store stock extrem stoke amazon stock case total eat pouch make sandwich put salad love flavor hope never stop discontinu sweet spici good snack,5
tasti snack would buy,5
say conveni someon like varieti flavor favorit smoke tuna best flavor other much season,2
box beat pretti bad ship box actual box pouch,4
sinc pandem abl leisur stroll store much use get weekli tuna packet lunch work saw bulk item amazon flavor love purchas stuck eat sandwich love lemon tuna definit match,5
love tuna order,5
recent tri three flavor sampl bbq amaz classic bbq accident order honey bbq one work still fishi classic bbq mix relish crush cracker chip yum portion size small,1
trade found oili wateri could person tast love plain albacor,3
tast great yum,5
far favorit tuna creation make either salad lettuc wrap also eat plane high protien healthi snack meal also buy cheaper buy individu store,5
tast good gave conveni way tuna,5
wife ate one threw rest trash,1
easi take long day work great tast,5
love take backpack camp trip handi use light weight ad varieti flavor excel rank order would sweet spici lemon ranch hickori smoke wrap tortilla add mayo bingo tuna go perfect meal funguy,5
conveni,5
yummi,5
yummi,5
muy bueno gracia,5
like tuna salad mother use make answer would cours hand perfectli accept tast product make quick tasti sandwich add salad spread cracker snack decent amount protein compar low fat content heavi salt user salti tast review impli desir add dash salt pepper well extra mayo hard boil egg pump notch cours shelf stabl packag nice requir littl space store pantri cabinet best date leav plenti time use product less buck per packag time find fairli decent bargain well,5
tasti,4
great mix regular can tuna make better,2
love conveni flavor good kind bitter add thing need addit name tuna salad think bitter tomato mayb use green pepper like chicken salad,5
need flavor thought would tast like sweet n spici salmon wrong add thing make edibl hate wast anyth,3
terribl tast throw,1
love tuna tast great conveni stinki leftov deal fridg next day varieti good deli style tuna salad favorit,5
bought flavor sandwich good sprinkl salad stir noodl dish extra layer flavor quick complic meal,5
tast,5
bought mistak instead return figur would give tri like conveni product unfortun thought disgust flavor tuna self bad tast extrem tuna smell one could somewhat stand lemon alway brand definit never purchas,1
tuna pouch deli style best estim juici make delici sandwich plenti ad tomato lettuc delight tummi good tuna pouch good mani dri need mayonnais someth make littl creami deli style readi roll minut take pouch like tuna never tri give go think pleas especi tri flavor good best,5
know tuna bag may sound weird conveni delici fill home offic quick healthi meal,5
need mayo bit spici tast,2
love flavor besid lemon runni prefer sweet spici ranch great never tri tuna creation never even knew exist wish differ veriti pack,5
came foreign countri order,1
box miss pouch open arriv one miss hickori smoke sweet spici want return two box make right,1
good tuna enough big sandwich mix horseradish sauc surprisingli good tast tuna sald,5
usual favorit flavor disappoint tuna purchas amazon tast like tuna usual purchas realli wateri insid pouch never happen pouch usual purchas expir date good sure problem,3
best flavor lemon pepper smoke lot packag thou recommend,5
fishi odor tast guess tuna though like salmon better,1
yummi use salad,5
good,5
ever purchas lemon pepper pack look forward sampler pack want know flavor good lemon pepper good tangi pepperi side say packag box littl smash open flap realiz trade anoth smoke ranch bum true stori know unfair trade person shake fist air could least trade lemon pepper plenti anyway smoke tast good kinda like spam like smokey saltier side bad yet tri sweet one could ranch noooo sleep night know conveni long shelf life also worri go dwell way purchas still sad miss ranch refus get,4
want tuna salad sandwich without work rip open pack scoop muss fuss add slice chees tomato slice grill eat cold good stuff maynard,5
handi littl pack quick shot tuna way like hickori smoke favorit flavor someth everybodi,5
bought easili handl food grab go situat serv purpos substitut make tuna salad scratch good tuna two year shelf life room temperatur,3
good tuna,5
buy ton month,5
probabl favorit flavor tuna pouch delici,5
often take tuna creation lunch afternoon snack cracker perfect balanc protein flavor,5
great diet realli enjoy quit flavor,5
like around quick protein snack better price groceri store usual,5
yummi flavor buy,5
love tuna packet came next day cheaper buy local store piec,5
life tear open season tuna snack good straight pouch toast cracker mayo herb garlic flavor fairli close like season tuna readi eat foil pouch great quick snack refriger pretti tough packag toler fairli rough treatment,5
great valu great product,5
small amount,4
pack tuna realli nice go quick snack realli enjoy l flavor,5
delici inexpens,5
great valu quick servic,5
varieti pack seen store like new tast tri good,5
mushi icki tast like tuna salad purchas tuna salad deli style past pretti good anymor purchas first pack tast tri forc eat threw half away add mayo tuna fish make edibl manag eat remain pack add ingredi make edibl defeat purpos readi eat,2
good salad snack cracker also perfect unlik lemon zest salmon smell someth,5
yummi good sick ur belli someth alway eat matter belli feel,5
go wrong product like tuna love flavor price good probabl order great go need someth belli,5
impress stick plain tuna,3
add slice bread decent sandwhich add salad make tuna salad buck pop aprox reason inexpens ok tast meal,3
love differ flavor tuna get,5
averag tri anoth version lemon pepper tuna famili member tuna packet came spoon within packet spoon includ also need flavor tuna pay expect better pleas take review feedback improv line product would like tuna flavor product everi packetpleas,3
love flavor hous like eat dorito,5
favorit flavor packag great easi travel take picnic hike take much room pack protein definit worth money eat least one pack almost everi singl day buy like make lot cheaper buy store flavor great deliveri fast great definit recommend,5
get tuna flavor almost flavor ranch dress,4
gift local bank,5
conveni want slip purs briefcas car tote eaten quick pick snack alon favorit cracker delici right size calori,5
love lunch,5
make good tuna melt salti eat,2
happi came good condit,5
much flavor almost like plain tuna,3
came good condit outsid insid,5
love product great tast,5
like flavor readi yo eat uou travel lunch add anyth realli,5
tuna salad incred salti borderlin ined buy,2
great quick sandwich right pouch,5
delici price right,5
tast great also varieti price overal valu money go wrong purchas product thank,5
tast garlic herb weird flavor mostli tuna disappoint,2
synthet flavor,1
pain get packag side differ great bad,5
great valu ranch salti side,5
make sandwich second add green salad,5
good sandwich,4
great salad sandwich,4
good amount tuna packag oili fishi aftertast great cracker chees quick snack,4
deliveri good food good good amount price,5
nice way tri four flavor buy other,4
awesom stuff great tast easi open pouch bad price either alway fresh great tast sever flavor choos cant get enough,5
longer need favorit,1
happi qualiti flavor wait order,5
love ranch dress flavor fail like flavor tuna packet though,3
pretti good make sandwich make one mean eat want put fridg like littl bit crunch also net carb carbless bread close perfect price right,5
like easi carri packag throw one purs snack add cracker eat lunch tri flavor like lemon pepper best,5
expect flavor lack robust bacon,1
love realli good salad delici healthi,5
tasti great price,5
super yummi quick easi snack,5
eat regularli get protein healthi snack meal stay cours keep fit healthi hard littl thing like becom whole lite easier go day run put glove compart gym bag back pack etc everi time order pleas amazon product,5
know like two food lot necessarili togeth felt flavor love ranch hickori smoke sweet spici may translat like tuna much like brand chunk light tuna water water go also like lemon pepper although tad heavi pepper light lemon other go well tuna mileag may vari flavor chip someth might enjoy great price want tri packet flavor love plain light tuna lemon pepper tuna melt mix mac chees cracker,3
awesom snack go throw slice bag bread cracker usual whip halfway bike ride quick snack break,5
flavor good protein son love help get protein challeng time,5
pretti fresh get better,5
everyon famili love,5
exactli say packag drain tuna got ad flavor delici use often ad protein meal sandwich seem worth tuna price includ flavor mix also work great camp want drain drink tuna water trail arent even expens deliveri standard definit plan order,5
exactli say packag drain tuna got ad flavor delici use often ad protein meal sandwich seem worth tuna price includ flavor mix also work great camp want drain drink tuna water trail arent even expens deliveri standard definit plan order,5
exactli say packag drain tuna got ad flavor delici use often ad protein meal sandwich seem worth tuna price includ flavor mix also work great camp want drain drink tuna water trail arent even expens deliveri standard definit plan order,5
tast like pull pork slap bun,5
easi use tasti,5
thank,5
muy rico,5
first love type packag flavor tuna quit long time hesit buy larger quantiti almost store bay area pack know outrag cent pack longer feel like wast money indulg pack substitut entir meal order amazon month alway deliv within day order packag seem bit weird often come differ shape box everi time asid cardboard box damag tuna pack alway untouch packet receiv also year good store worri short expir date may vari area region order tast first start varieti pack quickli learn simpli tast better top lemon pepper sweet spici last month order sweet spici simpli get tire overal great product healthi afford tasti profession promptli deliveri everi time,5
tast much like tuna,1
lemon pepper worth purchas save money experi thank amazon,5
great side includ cold pasta dish plain tuna salad,5
fast food go protein max,5
love tast,5
brand seem bit fresher tast howev price point one superior varieti pack make pack lunch less bore,4
yummi add mayo ranch creami textur,5
nice portion size,5
great high protein snack ad salad,5
tast tuna cartilag throughout noth like eat tuna salad tast hard textur piec look even gross closer inspect guess cartilag someth wrong,1
love conveni flavor lemon pepper starkist tuna bring lunch eat bag without cracker favorit thing ad salad realli add flavor salad,5
dont eat carb like grab go love tast conveni,5
tuna creation ranch great quick snack overli flavor,5
handi easi go meal bought case use backpack trip day hike plan buy individu mayo packet use plain tuna pack found much cost effect cost less buy would get mayo packet quit good homemad abl carri without need refriger make,5
delici low calori high protein meal option,5
tuna like like mine oil refriger cold eat pack,5
smell tast like eat tuna even textur ident would done better get can tuna add mayo outsid brand abl make proper tuna salad bumblebe much better everi aspect,1
great flavor textur creami compar other also flavor good miss j,1
typic love ginger sesam howev fan combo tuna,2
love perfect backpack usual eat pack side mash potato dinner backcountri flavor particular favorit noth intens enough tast fishi love ad sriracha well,5
great,5
household fave,5
noth dislik,5
like fact varieti tast great conveni pick put bag keep go lunch mention tast great,5
healthi delici,5
conveni lunch,5
conveni tasti eat everi day lunch sometim late night snack cracker take one car might miss lunch love garlic herb flavor,5
great product truck snack meal conveni packag flavor seal,5
buy pack fals advertis descript say pack,1
tast awesom nice textur dri gluten free issu purchas,5
realli realli realli fishi tast use prepackag tuna salad can expect mostli plain tuna fine expect deli style tuna salad packag fine box arriv intact everyth product fine expect name tuna salad,3
favorit tuna salad packag nice low calori snack love dip crunchmast cracker price pretti great,4
want plain tuna that would order doesnt tast anyth like bacon wast money gross,1
good snack,5
need complet septemb weight loss program cost percent less groceri store win win great flavor,5
great product valu price tast great quick snack,5
easi use children well great sourc protein,5
varieti allow us decid one like zoom variat,5
purchas packag aid ww lifestyl disappoint portion size perfect flavor yummi throw vege instant delici tuna salad cost ww point,5
ridicul price increas,3
nasti vomit right eat tri nasti vomit bewar,1
tast good salad whatev dream put,5
love mi salad,4
disapprov tast thing portion size one sandwich good thing,1
dislik good valu pay also like flavor dog like flavor tuna would buy,5
perfect lunch dinner easi open packag true lemon pepper flavor fresh delici,5
littl money,2
alway fresh fill,5
kid hous homeschool last thing time everi day make meal stuff amaz perfect quick snack breakfast even lunch portion size enough cover small sandwich mean complaint eat normal cracker hand goldfish enough make hungri would consid meal see buy new box everi two week though guess speak worth,5
best purchas made awhil fact need order easi store prepar eat,5
great quick lunch love varieti pack good,5
star product tast good make nice easi snack,5
enjoy varieti flavor tuna eat tuna healthi,5
purchas keep hurrican suppli requir refriger tast great taken easi meal snack,5
good chunki enough good size sandwich mix salad,4
realli like flavor warm chill flavor die littl,4
alway love starkist tuna love bc make small portion,5
yummmm great flavor tuna salad ranch chip flavor nice light tuna plain far mayo wait nice ranch tuna fish sandwich soon deliveri quick awesom condit,5
tast horribl noth ranch flavor textur weird,1
absolut love varieti pack tuna delici favorit type smoke hickori wick good give tri disappoint,5
never order made terribl sick threw garbag first bite aw flavor worth rate even eat first bite,1
love stuff,5
use salad realli good,5
great deal tast great,5
buy pack year cheaper buy singl pouch groceri store great stapl item keep around hous flavor delici goe perfectli salad sandwich,5
easi handl easi open small meal incred tast much fuller select flavor small local groceri abl get flavor amazon could get store varieti nice feel like eat good food,5
good quick lunch work mess,5
packag flavor great,5
advertis,5
good,5
great flavor perfect portion size friend hold us hotel room decid restaur tri one pouch realli trick,5
one tri far tasti found need mayo order use sandwich,4
item recommend,1
sometim get leav desk work lunch pouch starkist tuna variou flavor drawer along plastic tablewar mid day meal,5
terribl tuna mushey would buy,1
realli want like conveni protein water chestnut realli flavor right sinc entir case probabl add macaroni salad hope best also want mention children care either,3
great item price like varieti item quick shipment,5
flavor surprisingli good,5
yummi lemon pepper tuna one famili favorit good pack school lunch need utensil eat right pouch good cold,5
think preseason packet tuna one greatest invent ever pack cracker roll slice bread eat pasta easi peasi wish would thought year ago come varieti flavor bit deli style season tuna favorit glad deal,5
got box save purchas amazon eat salad everi day go fast save amount money help,5
tast good sunflow oil one tast sour wet mouth,3
delici,5
like deli tuna love make quick sandwich minut lunch,5
garlic herb favorit flavor,5
love snack,3
enjoy tast right amount sandwich eat cracker take three day week great buy tast,5
great tast love lemon pepper flavor also eat pack use cook made best tuna casserol ever made,5
omg love flavor packag onion quick serv morn breakfast lunch snack urg someth eat go daughter thrill one morn agre add review pleas dont stop make pleas dont chang flavor fine way leav way pleas continu god bless read review drop like appreci god bless everyon,5
tri varieti flavor good live without,5
flavor fresh usual ship quickli arriv good shape handi keep truck,5
love flavor hickori smoke alway fresh great valu,5
move bargain,3
low calori high protein perfect portion size easi grab go,5
great product flavor amaz,5
perfect size diet perfect portion size tast pretti good complaint end,5
gone lot starkist individu tuna varieti littl cup spork hidden lid thought see compar sinc basic eat home day take lunch break pretti much tast perhap littl better could simpli guilt involv wast packag rip top bag cut get torn put bowl dish cracker bread throw prepar salad tasti protein singl serv never smoke tuna get varieti pack allow see daughter order prefer option littl bowl sweet relish pickl ginger fanci oat cake cracker finish fresh orang quick lunch buy varieti pack like stick hand box pull surpris flavor,5
well preserv realli like place box everyth take realli good care guy order custom also,5
great product,5
right size one person make easier protein includ fish price right,5
flavor tuna pouch haha love tuna salad kit go flavor pouch make quick sandwich top everyth bagel eat straight packag lunch box stapl,5
love conveni item easi use excel protein sourc low calor fat content also econom could ask would purchas item,5
super yummi great way sampl differ flavor,5
got pouch instead never realli count mani buy mani wonder mani box order miss pouch,4
like packag tuna starkist alway favorit far best flavor tuna buy,5
great valu better local groceri store delish,5
alway take hike trip great quick sandwich easi store away bag,5
portion size littl small realli hard pair correctli anoth side dish make okay meal pair someth rice solid choic well cuz cuz,4
keep pack close readi use eat,5
low calori high protein great flavor use mid morn snack straight packet mess,5
love varieti pack get tri differ flavor without wast,5
cheaper easier get bulk,5
realli good,5
use tuna oil mayb like also made buttermilk tast ranch almost like garlic onion major flavor,3
sure fan rather type tuna salad plain tuna way flavor perk quit bit realli good,5
far best flavor tuna packet market love tuna straight packag noth ad also make excel tuna salad sandwich littl miracl whip use tuna make tuna leek quich great success also great add frozen meal extra kick protein ad mexican dish sinc start cut meat seem find store around nice buy bulk amazon,5
good like box got bad would recommend,2
eat year come varieti favor herb garlic one favorit easi use none messi drain requir can good stuff,5
good easi store bad strong fish smell white tuna tast dri poor qualiti tast like cat food bottom line tast bad strong fish smell tast like cat food someth make dri stuff aw,2
tuna fresh flavor way box came smash item way overpr compar supermarket get,2
tast horribl tri two packag could finish pack normal order tuna salad snack pack cracker enjoy never buy,1
best flavor tuna pouch,5
order product starkist seem discontinu ginger soy chicken pack love rule like chicken better tuna higher protein seem fresh great flavor littl visibl chunk ginger pepper well even felt healthier one pack work well rice noodl overal satisfi,4
realli good tast perfect picnic sandwich summer would tast great lemonad soggi extra moistur dri enough sandwich salad right packag eat kale mayo salad lemon pepper tuna great,5
love throw backpack fit great pocket differ flavor oil water tear packet eat pleas provid oz packet,4
great tast tuna salad toast english muffin slice chees delici quick lunch,4
great portion style tuna add bit mayonnais bread use quick lunch well midnight snack,5
yum,5
great husband lunch work,5
order time,5
interest flavor good way tri know one would get,5
anybodi strive make diet healthier without compromis flavor starkist tuna individu packet easi place start conveni nutrit low cost tasti individu foil packet unsurpass arrang plate starkist lemon pepper tuna cottag chees cook beet avocado blueberri healthi bake cheeto satisfi nutriti meal ad splash hot sauc es muy bien,5
great product great price tast great high protein low calori,5
tuna dri flavor better flavor conveni make quick easi tuna avocado rice bowl add lime gochujang sauc salt,3
product gluten free contain dextros,1
fine flavor expect,3
price point order,5
great price product kid grandkid love fast deliveri better valu local groceri store thank,5
easiest thing world tuna salad pouch readi go eat right pouch like snack scoop pouch onto sandwich pouch perfect portion one sandwich put plate cracker bed lettuc calori whole pouch fast healthi lunch need add anyth delici,5
better regular tuna,3
love much year road warrior alway carri coupl packag plastic spoon briefcas inevit time would get stuck somewher noth eat packag two even plain packag enjoy satisfi would enough tide also came handi time lunch dinner meet would brought everyth meat sinc meat eat fish even though longer road warrior still keep healthi suppli pantri sometim crave bar b que hit spot also make easi carri eat snack lunch especi also carri pack cracker coupl piec bread review starkist tuna creation honey bbq ounc pack,5
purchas use camp hike hardli flavor need add mayo addit spice,2
love happi camper,5
local grocer usual good tuna recip,5
littl much lemon side two three kid develop seriou sore mouth eat spous fine sensit mouth unless cut lemon someth like salad grain potato etc good acid,3
came perfect condit great price,5
love flavor textur size serv,5
easi use flavor power still littl zing,5
sodium content seem bit high work great plan salad,5
great lunch,5
love flavor tuna easi healthi protein pack snack throw sandwich cracker eat salad homemad poke bowl favorit snack go perfect hike camp flavor chicken sea tub like flavor bumblebe pouch slightli cheaper still delici option curiou tri starkist pouch love varieti pack could tri sever flavor flavor textur pouch big letdown eat competitor product starkist version mushier tast fishier ad flavor artifici tast unlik chicken sea bumblebe pouch come utensil small thing good know still solid protein rich snack go especi find great price would much much rather brand version,3
best snacki snack,5
love pouch easi conveni excel product great tast bargain starkist excel brand reccomend,5
eat one,5
love,5
know season tuna pouch smell littl funni even though fresh flavor littl put think purchas stick fresh tuna can,3
great use salad make detox cleans five month wonder chang,5
box contain,1
product reason price andpackag easi elderli mother open,5
tasti fishi treat word may illeg inappropri use conjunct sentenc english languag bring packet lunch guarante cowork bother nag attempt approach rest day great deal high qualiti product chicago sang wrote tomorrow come regret thing said today signific like regret ate,5
love perfect job diet requir definit gonna get,4
product great except miss pack tuna box,5
tast great good snack crave eat someth fill smoki flavor actual satisfi unlik eat plain tuna calori carb stapl diet,5
nice packag good fresh,4
great account,5
got varieti pack want tri glad terribl portion also small actual mind meant eat less obvious repurchas,2
favorit flavor receiv sent box lunch go packet,2
good snack picnic okay qualiti,2
love,5
tuna best hickori smoke best flavor salmon chicken okay great,5
lemon one gross rest good,5
good size salad test frensh good good,5
starkist tuna creation honey bbq ounc excel choic awesom tast price lower store,5
gift,5
tast like crap,1
bought groceri store aw post review warn sweet spici plain yucki one bite toss trash,1
product great full hickori flavor great portion size snack small meal road,5
realli tast beacon,3
fresh tuna tangi,4
great lent,5
sure peopl like stuff howev cat ate smell like cat food yuk,1
flavor made rethink tuna decid give tri discov new delici flavor,5
love delici great valu,5
might grossest thing ever eaten sinc childhood choic clearli babi boomer gener us well get felt like eat cat food,1
happi tuna creation deliveri fresh product fast deliveri amazon ty,5
good purchas great portion control sandwich salad complaint box packag look thrown box pleas look product good,5
good qualiti,5
often eat lunch easi packag flavor tast except ranch make great snack go easi open packag fairli healthi easi store last origin packag without refriger till ye,3
dri need lot extra mayo pickl relish mix make passabl tuna salad sandwich,2
real smoke tuna tast know,2
ranch favorit love herd garlic,5
tuna good idea person pre mix make better,5
well sinc start diet work well,5
love tast great healthier snack go,5
r realli god great price,5
quick lunch jusi grab pouch open eat spoon sometim eat cracker lettuc tomato flavor varieti great favorit one lemon pepper,5
tuna flavor good,3
love,4
tuna ok realli tast ranch also come fork packag,2
like lemon flavor,3
eat lunch supper love sweet spici favorit,5
addict sweet spici tuna pouch,5
tuna fish good flavor iffi find bit strong,3
realli salti lemon overwhelm use eat tuna regularli keto imposs eat without ad lot thing dilut salti recommend,2
cant say enough good thing product conveni great calori content count calori simpl use lot good flavor tri,5
good edibl good,2
realli enjoy tuna packet go protein snack expens store glad buy bulk better price per unit reli store keep favorit sweet spici version stock,5
absolut like product like combin cottag chees yum,5
unlik tuna creation tast chemic weird smoke product tast nasti,3
everyth period tast aw nd product brand name purchas experi result tast aw safe say never,1
shipment great sweet n spici big,1
big fish fan tuna pouch good eat almost everi day,5
absolut tasteless tuna ever tri littl tuna tuna pure mush go back can,1
realli enjoy mix prepackag salad kit,5
oh god yuck yuck yuck bbq flavorless nasti lemon pepper cook rice ranch bleack threw last flavor away even go tri eat tast first,2
wateri product order,1
good varieti price,5
choic four packet tuna differ,4
love convin portion right,5
love tuna find need pop flavor found ad bit sweet pickl relish add right amount bright conveni grab pouch add bit relish tuna sandwich minut far price concern buy bulk amazon save money,5
great tast fast deliveri mix uncl ben insta rice realli quick easi snack,5
great flavor easi healthi snack,5
someon els order,1
absolut love conveni hurrican season south florida,5
best flavor okay best,3
realli enjoy right lunch cracker put spoon mayonnais right packag,5
good food scarc end month savior mani time love love love fiance,4
nice spici melt mouth spici right blend tuna heat definit order,5
ok quick lunch go flavor good realli like sweet spici,4
easi use,5
tasti,5
portion size freah okay flavor leav lot desir dri salti buy,3
lot flavor foil pack tuna tend go overboard spice flavor much tend mix plain chunk lite albacor tuna get ratio flavor knock strength smoke flavor right,5
handi tasti keep mind msg cant eat anymor due advers reaction ingredi good conveni way snack,4
like lemon flavor other put cracker crush bag make snack conveni go short bike ride kid stop park bench enjoy snack ride back home,4
like flavor extra protein flavor tast water would buy good deal,4
perfect quick lunch leav afternoon sleepi got much protein without carb sugar,5
wife love tast easi use packag breakfast lunch want quick meal box,5
delish make wanna buy,5
hickori smoke like taist nasti wont ever order sweet spici total nasti threw away hate wont ever order ranch ok lemon delici order box,3
great product,5
perfect snack go famili daughter son grab bit protein event,5
great valu gave chanc tri varieti flavor would buy,5
creativ old man live alon like make quick easi sandwich,4
eat lot tuna good flavor,4
wow flavor,5
pita soft tortilla make kind snadwich want great tast use straight packag condiment fish taco,5
good like local groceri better price,4
nice way eat healthi fish g protein g fat easi take along perfect sourc lean protein trim healthi mama eat plan tast great glad purchas,5
good portion person readi eat drain can tuna good camp great hurrican kit well need refriger open,5
need tablespoon miricl whip n sara lee wheat n honey bread sandwich delici,5
use knife cut four side get meat ok cat finish would work great camp,4
tast strang sour,2
flavor good portion size great snack,4
tast amaz mix avocado,4
item receiv quickli good expir date,5
knew good mom never imagin would bad figur worst could doctor mayb add chop onion littl mayo pepper well starkist readi eat tuna salad origin deli style doctor tip day tast horribl tuna past gloop glop whatev skip straight procur spring load diaper pin place nose enjoy horribl tuna past gloop glop get wrong die starvat may actual life sustain product make sure diaper pin handi,1
pretti standard like tuna seller ship apo oversea thank support deploy troop,5
like,5
much flavor small pouch love,5
final one packag tuna thing tast good flavor good utterli surpris rd tast first aw bumblebe thai chili tri starkist lemon pepper read one best one best super dri wonder wast plastic dri half tuna one juici beat juici pleasant look look slightli creami one best know tri tri one calori next like one mayb go back calori pack know sure less dri might although lemon dri garlic tend evok creami flavor could calori flavor profil experi tell sure,5
recent tri famili size starkist tuna creation must say good packet easi use tuna realli wonder flavor ingredi use seem fresh end result extrem tasti order quit item pleas good stuff,5
open packet bought yet ate lemon pepper time past realli enjoy like flavor conveni packag,5
easi tast great,5
yummi,4
great order great healthi snack,5
pack good mayb sandwich depend thick want sandwich arriv unopen undamag expir date year away open yet check back let know tast,5
updat bottom ranch sweet n spici hickori smoke want lemon pepper even come pack still buy hickori smoke heavenli ranch amaz updat day later hickori smoke best bought whole case flavor pack price excel star lemon pepper miss,4
hickori smoke great flavor low calori low carb get less packag good deal sesam ginger disgust amazon mess w review let post neg review click link ginger sesam hickori come tri go purchas page come item review tri review ginger sesam say someth unusu review activ must purchas product go ginger sesam page review flavor click review hickori come also put review differ flavor wrong list guess want sell ginger sesam peopl realiz horribl ginger sesam sharp like vinegar probabl much raw ginger red pepper sesam flavor horribl hickori smoke good sesam ginger bad,5
hand throughout pandem great flavor husband maker add dice oliv pickl tuna gener eat cracker toast bread purchas second case item hope eat much depend pandem long last thought would eat know still good thing hand,5
love product said hand receptionist hand anyon left porch,5
nice flavora bit salti,5
order sever time far alway fresh price fairli cost local groceri store flavor worth tri,5
strang mid aftertast tuna tast like sit pouch way long tast start turn,1
love perfect go meal make easi feel like cook,5
purchas count receiv one know thing happen find anoth way send messag regard issu,1
find flavor product besid tuna guess handi meal away home,3
probabl favorit flavor make great snack go,5
love best,5
use lettuc salad bread cracker rice cake sandwich prefer ranch version moist easier spread flavor choic great,5
origin suppos plain bought pack time amazon made right reorder got pack time right ad extra dice celeri heap spoon dill relish like homemad frequent lunch ritz cracker good stuff,5
alway keep packag tuna product home sinc excel altern quick easi lunch tast pretti good mix realli well green salad provid good amount protein,5
tast good,1
conveni quick easi use,5
order one tri realli like perfect sandwich think could even eat plain without bread would make handi less carb,5
must seal properli bc within coupl week bad packag come vacuum anymor tast smell rancid bought hickori smoke ranch one time fine alway check expir date packag food bought amazon disappoint,1
smell mous urin strong gave headach disgust,1
great flavor perfect salad sandwich,5
perfect singl portion amaz flavor good valu,5
mushi almost like mayonnais tuna soup flavor pretti one side toward tangi vinegar,2
actual order accid turn decent altern lunch less calori standard tuna pouch,5
love flavor much other wish pouch held tuna alway easi choic last minut snack,4
noth,5
tast great bought,5
lot flavor choos elimin need jar condiment handi often put ranch flavor saltin cracker littl piec chees one microwav short time nice portion size add salad use sandwich,5
tuna yummi great sandwich salad,3
eat time tast realli good go travel bring one last long time stay fresh thank,5
got emerg blackout requir refriger open easi store tast great cracker beat purchas store lunchabl get buck way,5
great lunch item snack,5
good packag solid,5
price good valu cost goe ill buy someon els,5
dislik fact box smash thank pouch okay great flavor fresh get lettuc make roll up pouch love brand tuna,4
great way protein lunch,5
like use product hike backpack lightweight packag littl tuna juic good anyway like tuna think lemon cut tuna flavor lot someon like fishi tast may find palat,5
conveni abl add whatev want make freash meal away home home way meal tast fresh get mushi,4
like tri differ flavor tuna decid flavor purchas,5
lemon pepper absolut best,5
tasti conveni,5
amaz eat selv rice yummi,5
look tast like cat food ranch flavor nasti never,1
usual take lunch alway tast good usual eat two portion littl small mayb depend,5
buy starkist tuna time bought singl serv pouch donat local pantri item need individu wrap easi perfect sourc protein realli good price,5
receiv packag fill maggot disgust,1
perfect size small sandwich add lettuc tomato stuff bigger sandwich eat plain coupl cracker love thank spici one littl hot,5
love everyth,5
great deal,5
price high better buy tuna store sprinkl lemon pepper singl pouch x price make sens buy use like buy good deal,1
interest stuff,5
foul strictli end time beat eat bug,1
fan one larg piec green red chili pepper tast ginger like would expect buy,1
tasti tuna salad great sandwich salad conveni use refriger need unless open littl pricey great conveni,5
use add tast varieti tuna salad sandwich,5
got pack isnt shabbi love flavor often go lunch low carb wrap fix,5
like flavor,1
tri flavor best far add cut veget perfect lunch noth wash offic sink great price subscrib save,5
realli tasti good sourc protein conveni portabl,5
small expens,5
love,5
tast better great way add protein frozen meal,5
great product conveni,5
great tast great price quick deliveri recommend compani,5
love conveni tuna pouch easi keep bag quick bite day love flavor except one straight tast like bile hard puke cowork like though gave win win,3
deli style tuna salad best portion size perfect sandwich add salad prefer packag select abl sandwich day save walk cane nearest store deli minut walk starkist tuna creation mani delici flavor tri,5
realli realli product advertis packet oz starkist tuna deli style per packet sell retail everywher instead sent one oz packet pleas send packet pleas send complet order return one packet one packet right amount one tuna sandwich good wait,5
tast great tini portion opinion,5
love quick snack especi work long hour add cracker set,5
product simpl like rest easi go put bag put lunch box easi use packag good,5
right size pack lunch tear open put bagel avacado top salad protein granddaught love make tuna fish sandwich safe open need option delici,5
tasti conveni,5
deli style tuna salad disgust tast,1
great quicki snack,5
toast multi grain bread put packag flavor want bit mayo could eat everi day use whole pack per sandwich,5
excel deal,4
make good snack wish portion larger,5
enjoy,5
good,4
love tuna tuna packet season love make tuna salad lunch,5
absolut love eat per day honey bbq fav flavor sweet spici realli realli conveni way add protein meal eat alon usual eat flavor alon ranch lemon pepper flavor good add salad buy,5
sandwich mix oliv oil mayo hickori flavor one tast like smoke salmon dad fish buddi use make black pepper love dad smoke salmon still freezer ye die year ago asthma emphasema attack turn halibut smoker,5
let start say love tuna go meal want someth light healthi high protein tri mani brand tuna pouch far worst tast one ever tast like spoil tuna juici dri past like textur worst part even return,1
rare eat lunch tuna pouch get late breakfast late dinner tasti satisfi gram protein calori neg get product pouch,5
purchas varieti pack flavor extrem help covid,5
old school tuna salad kid still sell far better flavor varieti tuna end use get sick dog take med lol work say total horribl good buy particular flavor,2
even tast like tuna took bite like nope tuna salad tast horribl nobodi home well eat portion small enough child sandwich adult,1
starkist tuna great opinion goe well mani dish like salad care smoke flavor great valu purchas,5
nice put salad cracker littl salti ish,5
like tuna packet quick meal simpl open prepar need though frequent add mustard season slice portion size good though bit less get typic tuna great meal go quick qualiti protein around home like alway keep around,5
left fish use,1
kid love,4
must tri everi singl flavor tuna excit tri ranch turn least favorit good,5
perfect portion size,5
famili favorit,5
love sampler know buy futur least favorit bbq flame unlik packag overwhelm tuna enough tuna packag sandwich add small salad flavor light add littl someth tone flavor tuna bit,5
low calori high protein neglig carb take camp take hike smear cracker bread rice cake good stuff,5
purchas item box twelv singl use pack open box pack fine look leakag whatev look perfectli normal open pack tuna pass eye inspect still insid pack scoop tuna place bowl smell whatsoev good bad put fair size tuna piec mouth instantli thank god start disgorg everi morsel extrem dark dark brown poison truli believ product tamper pouch seal sort qualiti control issu analysi product would dilig felt need share hope make potenti custom awar happen extrem care throw away fast pleas give anyon eat,1
troubl keep food medic issu tina fish thing bother perfect portion tast great,5
even though groceri store often stock starkist tuna pack often order amazon simpli good price fast deliveri deli tuna pack easi pull open make delici tuna sandwich keep hand time,5
flavor made sandwich,5
